key,pubkey,seen_count,first_seen_unix,last_seen_unix,severity,classification,action,pool,role,dex
1AYhhyFGHqS9ujQF4Wjc67FGYzqHdmvUvsVhdAJ4eZz::unknown:live_state_stale,1AYhhyFGHqS9ujQF4Wjc67FGYzqHdmvUvsVhdAJ4eZz,1,1781436534,1781436534,needs_grpc_live_state,live_state_stale,refresh_from_grpc_or_rpc_snapshot,,unknown,unknown
2AXXcN6oN9bBT5owwmTH53C7QHUXvhLeu718Kqt8rvY2::unknown:live_state_stale,2AXXcN6oN9bBT5owwmTH53C7QHUXvhLeu718Kqt8rvY2,1,1781397339,1781397339,needs_grpc_live_state,live_state_stale,refresh_from_grpc_or_rpc_snapshot,,unknown,unknown
2kfQuYG2FVZL2RqqKEttcdadbPWP4c7b6AFQztNcBWyV::unknown:live_state_stale,2kfQuYG2FVZL2RqqKEttcdadbPWP4c7b6AFQztNcBWyV,8,1781396704,1781436480,needs_grpc_live_state,live_state_stale,refresh_from_grpc_or_rpc_snapshot,,unknown,unknown
2n6fxuD6PA5NYgEnXXYMh2iWD1JBJ1LGf76kFJAayZmX::unknown:live_state_stale,2n6fxuD6PA5NYgEnXXYMh2iWD1JBJ1LGf76kFJAayZmX,7,1781396622,1781436604,needs_grpc_live_state,live_state_stale,refresh_from_grpc_or_rpc_snapshot,,unknown,unknown
2ny7eGyZCoeEVTkNLf5HcnJFBKkyA4p4gcrtb3b8y8ou::unknown:normal,2ny7eGyZCoeEVTkNLf5HcnJFBKkyA4p4gcrtb3b8y8ou,27,1781396617,1781436736,needs_manual_check,normal,none,,unknown,unknown
2o4369ha3bENAhJDan8mdRNJjNo6qQ9P5KhUS4QZUVgi::unknown:normal,2o4369ha3bENAhJDan8mdRNJjNo6qQ9P5KhUS4QZUVgi,7,1781397242,1781436218,needs_manual_check,normal,none,,unknown,unknown
2w6WUGXVeUPeGpJTUSNu4btbpMkFtmjrQgpKi149it7K::unknown:live_state_stale,2w6WUGXVeUPeGpJTUSNu4btbpMkFtmjrQgpKi149it7K,1,1781436480,1781436480,needs_grpc_live_state,live_state_stale,refresh_from_grpc_or_rpc_snapshot,,unknown,unknown
33QePMtgj6t36VD24ec8k5QKfuTvNF1CDDW61VyNaXGJ::unknown:live_state_stale,33QePMtgj6t36VD24ec8k5QKfuTvNF1CDDW61VyNaXGJ,1,1781396870,1781396870,needs_grpc_live_state,live_state_stale,refresh_from_grpc_or_rpc_snapshot,,unknown,unknown
37X6Cr513nFVMpd1i3nT1mbJMSwaWkcCUd1nGGuH7trQ::unknown:normal,37X6Cr513nFVMpd1i3nT1mbJMSwaWkcCUd1nGGuH7trQ,2,1781397318,1781397319,needs_manual_check,normal,none,,unknown,unknown
37hggNyT4Ec8GEcxMLrWrZyrMSSFMSiFT6VBayRYceZH::unknown:live_state_stale,37hggNyT4Ec8GEcxMLrWrZyrMSSFMSiFT6VBayRYceZH,4,1781396661,1781396870,needs_grpc_live_state,live_state_stale,refresh_from_grpc_or_rpc_snapshot,,unknown,unknown
38ciCQrZMoTaRq3sXCzsVeEx7J18HvKAxEzV3oskXJZY::unknown:normal,38ciCQrZMoTaRq3sXCzsVeEx7J18HvKAxEzV3oskXJZY,4,1781396622,1781397116,needs_manual_check,normal,none,,unknown,unknown
3AsJZQY3jtZwqBfbTUQ4xKDVwmdz2ufdKMsnxN9K5L3S::unknown:live_state_stale,3AsJZQY3jtZwqBfbTUQ4xKDVwmdz2ufdKMsnxN9K5L3S,1,1781436480,1781436480,needs_grpc_live_state,live_state_stale,refresh_from_grpc_or_rpc_snapshot,,unknown,unknown
3C5YE97HADPDxZehYq9Cis8AXr9aNyrUsczKzE1nDbW9::unknown:live_state_stale,3C5YE97HADPDxZehYq9Cis8AXr9aNyrUsczKzE1nDbW9,5,1781396222,1781397331,needs_grpc_live_state,live_state_stale,refresh_from_grpc_or_rpc_snapshot,,unknown,unknown
3HWcojnC1ruEMmsE92Ez1BoebdDXzYQa4USaeWX7eTuM::unknown:expected_readonly_pda_authority,3HWcojnC1ruEMmsE92Ez1BoebdDXzYQa4USaeWX7eTuM,1,1781436340,1781436340,info,expected_readonly_pda_authority,ignore_not_found_do_not_fetch,,unknown,unknown
3Hwf5E7w71EfTk5EAZHAMFnndVdLEv9Gk9tymxFJgwDv::unknown:live_state_stale,3Hwf5E7w71EfTk5EAZHAMFnndVdLEv9Gk9tymxFJgwDv,8,1781396618,1781436384,needs_grpc_live_state,live_state_stale,refresh_from_grpc_or_rpc_snapshot,,unknown,unknown
3NTNsH2kadDdvr69YL7wDvMraN9G2KzmtKD3hYF6otBN::unknown:normal,3NTNsH2kadDdvr69YL7wDvMraN9G2KzmtKD3hYF6otBN,12,1781396943,1781397274,needs_manual_check,normal,none,,unknown,unknown
3Sht4Amox5REC1YLYGuR1Qdfh7fa8d2ucGu4rawjs6tN::unknown:live_state_stale,3Sht4Amox5REC1YLYGuR1Qdfh7fa8d2ucGu4rawjs6tN,2,1781396957,1781396957,needs_grpc_live_state,live_state_stale,refresh_from_grpc_or_rpc_snapshot,,unknown,unknown
3dKsxXJuGKeUnhvGgapb1yhGXRyf587vZbhiCXMpYUEA::unknown:normal,3dKsxXJuGKeUnhvGgapb1yhGXRyf587vZbhiCXMpYUEA,1,1781396939,1781396939,needs_manual_check,normal,none,,unknown,unknown
3nMFwZXwY1s1M5s8vYAHqd4wGs4iSxXE4LRoUMMYqEgF::unknown:live_state_stale,3nMFwZXwY1s1M5s8vYAHqd4wGs4iSxXE4LRoUMMYqEgF,6,1781396622,1781436604,needs_grpc_live_state,live_state_stale,refresh_from_grpc_or_rpc_snapshot,,unknown,unknown
3uBAzjhC81GUiWQyrfWkLAFv3M1szswdCfwExM14wNMf::unknown:live_state_stale,3uBAzjhC81GUiWQyrfWkLAFv3M1szswdCfwExM14wNMf,1,1781397141,1781397141,needs_grpc_live_state,live_state_stale,refresh_from_grpc_or_rpc_snapshot,,unknown,unknown
43JiBt9w9xaeApQ2xHBgJCgqvsvamJBMcg4Xb9rZ3PFa::unknown:normal,43JiBt9w9xaeApQ2xHBgJCgqvsvamJBMcg4Xb9rZ3PFa,3,1781396758,1781397116,needs_manual_check,normal,none,,unknown,unknown
445fd6ffBZqWYsryCgs6wcE8exaLkRsMrefAQ5UHvt8v::unknown:live_state_stale,445fd6ffBZqWYsryCgs6wcE8exaLkRsMrefAQ5UHvt8v,13,1781396165,1781436773,needs_grpc_live_state,live_state_stale,refresh_from_grpc_or_rpc_snapshot,,unknown,unknown
46mdANZ2DCA2sTFchvD7WwbffbLQa4jCFkkRL23WuYG8::unknown:live_state_stale,46mdANZ2DCA2sTFchvD7WwbffbLQa4jCFkkRL23WuYG8,1,1781436340,1781436340,needs_grpc_live_state,live_state_stale,refresh_from_grpc_or_rpc_snapshot,,unknown,unknown
4FKYJwTySY9rhwGEUr544NLNbMwR9MF3hMcQVT9Emhix::unknown:live_state_stale,4FKYJwTySY9rhwGEUr544NLNbMwR9MF3hMcQVT9Emhix,5,1781396754,1781397010,needs_grpc_live_state,live_state_stale,refresh_from_grpc_or_rpc_snapshot,,unknown,unknown
4FkX872Wbo6NK7eNEmMnDRMJnwbu6tQsE6utb5fbDbzv::unknown:live_state_stale,4FkX872Wbo6NK7eNEmMnDRMJnwbu6tQsE6utb5fbDbzv,5,1781396754,1781397010,needs_grpc_live_state,live_state_stale,refresh_from_grpc_or_rpc_snapshot,,unknown,unknown
4UopaeYzxPyHtSYcvb1Cj9U3Z8uUf3yngsrTExqi2JAh::unknown:live_state_stale,4UopaeYzxPyHtSYcvb1Cj9U3Z8uUf3yngsrTExqi2JAh,2,1781397239,1781436339,needs_grpc_live_state,live_state_stale,refresh_from_grpc_or_rpc_snapshot,,unknown,unknown
4Vc6N76UBu26c3jJDKBAbvSD7zPLuQWStBk7QgVEoeoS::unknown:live_state_stale,4Vc6N76UBu26c3jJDKBAbvSD7zPLuQWStBk7QgVEoeoS,2,1781397329,1781397329,needs_grpc_live_state,live_state_stale,refresh_from_grpc_or_rpc_snapshot,,unknown,unknown
4Vzk2yQo7Eynx1hmBRD3jAFFSwTUU6kNeb2ES2KL9EK6::unknown:live_state_stale,4Vzk2yQo7Eynx1hmBRD3jAFFSwTUU6kNeb2ES2KL9EK6,2,1781397239,1781436339,needs_grpc_live_state,live_state_stale,refresh_from_grpc_or_rpc_snapshot,,unknown,unknown
4WbL8FAxfACzopRt2UX1z1no9fK72RkrBxbL7BMCMP1t::unknown:live_state_stale,4WbL8FAxfACzopRt2UX1z1no9fK72RkrBxbL7BMCMP1t,1,1781397061,1781397061,needs_grpc_live_state,live_state_stale,refresh_from_grpc_or_rpc_snapshot,,unknown,unknown
4eQJuwznAD6LyVKs8vhnTWnQ6GuSXS6aYNiAasMx74Cw::unknown:normal,4eQJuwznAD6LyVKs8vhnTWnQ6GuSXS6aYNiAasMx74Cw,420,1781396618,1781436929,needs_manual_check,normal,none,,unknown,unknown
4xZYFLR2eyo2vrfsGuJZEPsgZafamE9fFPJ5wYJDW6nU::unknown:normal,4xZYFLR2eyo2vrfsGuJZEPsgZafamE9fFPJ5wYJDW6nU,2,1781396745,1781397141,needs_manual_check,normal,none,,unknown,unknown
4y4KAXo8xQHhPN1XMJaEE2qcuDcndpqeBAXViV2VYTNg::unknown:normal,4y4KAXo8xQHhPN1XMJaEE2qcuDcndpqeBAXViV2VYTNg,7,1781396704,1781436480,needs_manual_check,normal,none,,unknown,unknown
52ZjrBJDGueUBegcdknHZcwa5bnAiJcAJ65hgymxDdRB::unknown:live_state_stale,52ZjrBJDGueUBegcdknHZcwa5bnAiJcAJ65hgymxDdRB,10,1781397243,1781436214,needs_grpc_live_state,live_state_stale,refresh_from_grpc_or_rpc_snapshot,,unknown,unknown
53QtjGY8tueZ3tQVY3kJ8PMF8joP5etj4EQtxPqm647R::unknown:live_state_stale,53QtjGY8tueZ3tQVY3kJ8PMF8joP5etj4EQtxPqm647R,2,1781397318,1781397319,needs_grpc_live_state,live_state_stale,refresh_from_grpc_or_rpc_snapshot,,unknown,unknown
55aNhhR33vhgcLViZnht4XKiyid1zNYhDzrxHmKQf3iP::unknown:live_state_stale,55aNhhR33vhgcLViZnht4XKiyid1zNYhDzrxHmKQf3iP,6,1781396618,1781436382,needs_grpc_live_state,live_state_stale,refresh_from_grpc_or_rpc_snapshot,,unknown,unknown
5DJ9o1fRVMMGuxnHEYGKhiUyKxb9TxQbQkxiiwhDqtQv::unknown:live_state_stale,5DJ9o1fRVMMGuxnHEYGKhiUyKxb9TxQbQkxiiwhDqtQv,2,1781436173,1781436174,needs_grpc_live_state,live_state_stale,refresh_from_grpc_or_rpc_snapshot,,unknown,unknown
5Dw9fqeipoVpU3wLRVgD23JGkRBstoiz1oaP6WbYWGG8::unknown:live_state_stale,5Dw9fqeipoVpU3wLRVgD23JGkRBstoiz1oaP6WbYWGG8,2,1781436173,1781436174,needs_grpc_live_state,live_state_stale,refresh_from_grpc_or_rpc_snapshot,,unknown,unknown
5R9MJRz11myX8XiDvL51QJePr64jhQ5FfRVuLqEeVBES::unknown:normal,5R9MJRz11myX8XiDvL51QJePr64jhQ5FfRVuLqEeVBES,1,1781436339,1781436339,needs_manual_check,normal,none,,unknown,unknown
5VTjvi4XhRCXUSitDGJXVp5iZpU2sypNAT5EvEvaXR6j::unknown:normal,5VTjvi4XhRCXUSitDGJXVp5iZpU2sypNAT5EvEvaXR6j,17,1781396705,1781436381,needs_manual_check,normal,none,,unknown,unknown
5bHD9xdEzJdkVuhs54mGPC9BZgUshqgMg4tqmTwhWggc::unknown:live_state_stale,5bHD9xdEzJdkVuhs54mGPC9BZgUshqgMg4tqmTwhWggc,1,1781397008,1781397008,needs_grpc_live_state,live_state_stale,refresh_from_grpc_or_rpc_snapshot,,unknown,unknown
5es7CMqFb7pgb4WhnUBnZMrJZiB8vmEuqoZdsFi8GyPv::unknown:normal,5es7CMqFb7pgb4WhnUBnZMrJZiB8vmEuqoZdsFi8GyPv,1,1781397061,1781397061,needs_manual_check,normal,none,,unknown,unknown
5pVN5XZB8cYBjNLFrsBCPWkCQBan5K5Mq2dWGzwPgGJV::unknown:normal,5pVN5XZB8cYBjNLFrsBCPWkCQBan5K5Mq2dWGzwPgGJV,8,1781396704,1781397244,needs_manual_check,normal,none,,unknown,unknown
5z1c6Je1d1cR2y51qUimyUWYHUjGeb91ZiABVRbyPk6y::unknown:live_state_stale,5z1c6Je1d1cR2y51qUimyUWYHUjGeb91ZiABVRbyPk6y,3,1781397061,1781436174,needs_grpc_live_state,live_state_stale,refresh_from_grpc_or_rpc_snapshot,,unknown,unknown
63sMvux7YMjUaanzhHSHc515dM8nmjtqMkrfwAsFJ3hS::unknown:normal,63sMvux7YMjUaanzhHSHc515dM8nmjtqMkrfwAsFJ3hS,37,1781396165,1781436778,needs_manual_check,normal,none,,unknown,unknown
65ZHSArs5XxPseKQbB1B4r16vDxMWnCxHMzogDAqiDUc::unknown:live_state_stale,65ZHSArs5XxPseKQbB1B4r16vDxMWnCxHMzogDAqiDUc,12,1781396222,1781436245,needs_grpc_live_state,live_state_stale,refresh_from_grpc_or_rpc_snapshot,,unknown,unknown
6KX9iiLFBcwfjq3uMqeeMukaMZt5rQYTsbZZTnxbzsz6::unknown:live_state_stale,6KX9iiLFBcwfjq3uMqeeMukaMZt5rQYTsbZZTnxbzsz6,2,1781396200,1781396748,needs_grpc_live_state,live_state_stale,refresh_from_grpc_or_rpc_snapshot,,unknown,unknown
6Q4HGLiJfNyiaF2ZhqCLNRuKu4duASthb1jkENCcBanm::unknown:live_state_stale,6Q4HGLiJfNyiaF2ZhqCLNRuKu4duASthb1jkENCcBanm,20,1781396199,1781397335,needs_grpc_live_state,live_state_stale,refresh_from_grpc_or_rpc_snapshot,,unknown,unknown
6W1R5uXBCE1RmejWegQMT5dCqHopVRfNNfk3LsnhSYG3::unknown:live_state_stale,6W1R5uXBCE1RmejWegQMT5dCqHopVRfNNfk3LsnhSYG3,1,1781397141,1781397141,needs_grpc_live_state,live_state_stale,refresh_from_grpc_or_rpc_snapshot,,unknown,unknown
6euoT4kMY9B7UU3d9GSs6XDknsRRfC7Pum92AAxxQfLp::unknown:normal,6euoT4kMY9B7UU3d9GSs6XDknsRRfC7Pum92AAxxQfLp,2,1781396619,1781396655,needs_manual_check,normal,none,,unknown,unknown
6nD6d8gG17wakW6Wu5URktBZQp3uxp5orgPa576QXigJ::unknown:live_state_stale,6nD6d8gG17wakW6Wu5URktBZQp3uxp5orgPa576QXigJ,2,1781397273,1781397273,needs_grpc_live_state,live_state_stale,refresh_from_grpc_or_rpc_snapshot,,unknown,unknown
6vK8gSiRHSnZzAa5JsvBF2ej1LrxpRX21Y185CzP4PeA::unknown:normal,6vK8gSiRHSnZzAa5JsvBF2ej1LrxpRX21Y185CzP4PeA,2,1781397286,1781397286,needs_manual_check,normal,none,,unknown,unknown
6wenLwaQbGe1foXWyrQeM3yL4CbD4euQHgeGypJfpudY::unknown:live_state_stale,6wenLwaQbGe1foXWyrQeM3yL4CbD4euQHgeGypJfpudY,2,1781396663,1781396664,needs_grpc_live_state,live_state_stale,refresh_from_grpc_or_rpc_snapshot,,unknown,unknown
6zx8YXPzmJEMRj8GQDMaj3aCUS3zuR3izaia2kTJenf3::unknown:normal,6zx8YXPzmJEMRj8GQDMaj3aCUS3zuR3izaia2kTJenf3,7,1781396618,1781436382,needs_manual_check,normal,none,,unknown,unknown
772WVdWd7u7wFew2fR3sWXGMhDRCNm2geWT8ZvebsMw3::unknown:live_state_stale,772WVdWd7u7wFew2fR3sWXGMhDRCNm2geWT8ZvebsMw3,1,1781396942,1781396942,needs_grpc_live_state,live_state_stale,refresh_from_grpc_or_rpc_snapshot,,unknown,unknown
79mhWQ3ppuBeVNikPoazsCorSiUZEAg3H7dgkdqzVU8x::unknown:live_state_stale,79mhWQ3ppuBeVNikPoazsCorSiUZEAg3H7dgkdqzVU8x,2,1781396200,1781396748,needs_grpc_live_state,live_state_stale,refresh_from_grpc_or_rpc_snapshot,,unknown,unknown
7CoLodcm9h4EAFKpcPbT34yk3MkpeWjsBqXVidfbrfQ7::unknown:normal,7CoLodcm9h4EAFKpcPbT34yk3MkpeWjsBqXVidfbrfQ7,1,1781436480,1781436480,needs_manual_check,normal,none,,unknown,unknown
7ENJsaWAy4PRs24NYd1WqUdY3DWi43rHvyZXhCjEiNWE::unknown:live_state_stale,7ENJsaWAy4PRs24NYd1WqUdY3DWi43rHvyZXhCjEiNWE,1,1781396870,1781396870,needs_grpc_live_state,live_state_stale,refresh_from_grpc_or_rpc_snapshot,,unknown,unknown
7GJEuNLdHy9c1GwnZEzP1jy3Y3EEB82ZbKLRVmmyJTrB::unknown:live_state_stale,7GJEuNLdHy9c1GwnZEzP1jy3Y3EEB82ZbKLRVmmyJTrB,1,1781436339,1781436339,needs_grpc_live_state,live_state_stale,refresh_from_grpc_or_rpc_snapshot,,unknown,unknown
7T9uvDmpdKVzxsWkEQvpnZKnEsaK6LQ7tnDpd6pNJfZH::unknown:normal,7T9uvDmpdKVzxsWkEQvpnZKnEsaK6LQ7tnDpd6pNJfZH,5,1781396758,1781397330,needs_manual_check,normal,none,,unknown,unknown
7UFhXo8UWF6xdjXk6y8sPFiCJEvJC8Lti72pYXcJ1pLQ::unknown:live_state_stale,7UFhXo8UWF6xdjXk6y8sPFiCJEvJC8Lti72pYXcJ1pLQ,5,1781396222,1781397331,needs_grpc_live_state,live_state_stale,refresh_from_grpc_or_rpc_snapshot,,unknown,unknown
7qbRF6YsyGuLUVs6Y1q64bdVrfe4ZcUUz1JRdoVNUJnm::unknown:live_state_stale,7qbRF6YsyGuLUVs6Y1q64bdVrfe4ZcUUz1JRdoVNUJnm,1,1781397286,1781397286,needs_grpc_live_state,live_state_stale,refresh_from_grpc_or_rpc_snapshot,,unknown,unknown
7rXsNqBkFoiNPJYxhZHu9EGUMsY4j4tA2DhefvNbzQzs::unknown:live_state_stale,7rXsNqBkFoiNPJYxhZHu9EGUMsY4j4tA2DhefvNbzQzs,2,1781397273,1781397273,needs_grpc_live_state,live_state_stale,refresh_from_grpc_or_rpc_snapshot,,unknown,unknown
8EzbUfvcRT1Q6RL462ekGkgqbxsPmwC5FMLQZhSPMjJ3::unknown:live_state_stale,8EzbUfvcRT1Q6RL462ekGkgqbxsPmwC5FMLQZhSPMjJ3,1,1781397236,1781397236,needs_grpc_live_state,live_state_stale,refresh_from_grpc_or_rpc_snapshot,,unknown,unknown
8HchJS2ufNvZv6i3Q6zRLvBDpVe1P72ArR86p2hUHvg6::unknown:normal,8HchJS2ufNvZv6i3Q6zRLvBDpVe1P72ArR86p2hUHvg6,5,1781396942,1781436734,needs_manual_check,normal,none,,unknown,unknown
8PbjFCfVNHH5PwP7xJj4JnGom397ybK3mLzw9164nZ4K::unknown:live_state_stale,8PbjFCfVNHH5PwP7xJj4JnGom397ybK3mLzw9164nZ4K,7,1781396704,1781436480,needs_grpc_live_state,live_state_stale,refresh_from_grpc_or_rpc_snapshot,,unknown,unknown
8j6UZqqmftAx18ioZ6pHwhojwe9GciT4TcDuJkX6gvEs::unknown:expected_readonly_pda_authority,8j6UZqqmftAx18ioZ6pHwhojwe9GciT4TcDuJkX6gvEs,1,1781436339,1781436339,info,expected_readonly_pda_authority,ignore_not_found_do_not_fetch,,unknown,unknown
8sjV1AqBFvFuADBCQHhotaRq5DFFYSjjg1jMyVWMqXvZ::unknown:live_state_stale,8sjV1AqBFvFuADBCQHhotaRq5DFFYSjjg1jMyVWMqXvZ,11,1781396618,1781436382,needs_grpc_live_state,live_state_stale,refresh_from_grpc_or_rpc_snapshot,,unknown,unknown
8tpmZEtYup1UEXNqaKoXWE5eiK7yqxh9cGfh76YeCtuC::unknown:live_state_stale,8tpmZEtYup1UEXNqaKoXWE5eiK7yqxh9cGfh76YeCtuC,7,1781396704,1781436480,needs_grpc_live_state,live_state_stale,refresh_from_grpc_or_rpc_snapshot,,unknown,unknown
8uxqxLsg3iDkWLkhp6m1Kbgw53LVQDZU4U17i8Zmxg1d::unknown:expected_readonly_pda_authority,8uxqxLsg3iDkWLkhp6m1Kbgw53LVQDZU4U17i8Zmxg1d,4,1781396199,1781396203,info,expected_readonly_pda_authority,ignore_not_found_do_not_fetch,,unknown,unknown
8uxqxLsg3iDkWLkhp6m1Kbgw53LVQDZU4U17i8Zmxg1d::unknown:normal,8uxqxLsg3iDkWLkhp6m1Kbgw53LVQDZU4U17i8Zmxg1d,27,1781396748,1781397342,needs_manual_check,normal,none,,unknown,unknown
8z59PR6e79NWQmstgE4Ktv5WsEjPVjGAdHWXmTUfJCbc::unknown:live_state_stale,8z59PR6e79NWQmstgE4Ktv5WsEjPVjGAdHWXmTUfJCbc,1,1781396870,1781396870,needs_grpc_live_state,live_state_stale,refresh_from_grpc_or_rpc_snapshot,,unknown,unknown
92HHCGVVAMqvWbx9G6GepBamqBWEFJuz3nwBn7k5pYaR::unknown:expected_readonly_pda_authority,92HHCGVVAMqvWbx9G6GepBamqBWEFJuz3nwBn7k5pYaR,2,1781396742,1781396745,info,expected_readonly_pda_authority,ignore_not_found_do_not_fetch,,unknown,unknown
9Hst4fTfQJXp1fxyVx1Lk1TubjNegFwXCedZkMRPaYAK::unknown:normal,9Hst4fTfQJXp1fxyVx1Lk1TubjNegFwXCedZkMRPaYAK,1,1781397236,1781397236,needs_manual_check,normal,none,,unknown,unknown
9Jgp8NpqEDFd5d3RQPfuRY7gMgRFByTNFmi68Ph1yvVb::unknown:normal,9Jgp8NpqEDFd5d3RQPfuRY7gMgRFByTNFmi68Ph1yvVb,1,1781397339,1781397339,needs_manual_check,normal,none,,unknown,unknown
9NkuAWB4LgCVFV77omEkJEjXqgV5PGupwMTu3B3pBRhc::unknown:live_state_stale,9NkuAWB4LgCVFV77omEkJEjXqgV5PGupwMTu3B3pBRhc,20,1781396659,1781397319,needs_grpc_live_state,live_state_stale,refresh_from_grpc_or_rpc_snapshot,,unknown,unknown
9RfZwn2Prux6QesG1Noo4HzMEBv3rPndJ2bN2Wwd6a7p::unknown:normal,9RfZwn2Prux6QesG1Noo4HzMEBv3rPndJ2bN2Wwd6a7p,1,1781397286,1781397286,needs_manual_check,normal,none,,unknown,unknown
9YKE7tGczTk5APgamRCJHw1SP9ySHJB7Ltu8xe4P5RF2::unknown:live_state_stale,9YKE7tGczTk5APgamRCJHw1SP9ySHJB7Ltu8xe4P5RF2,1,1781397141,1781397141,needs_grpc_live_state,live_state_stale,refresh_from_grpc_or_rpc_snapshot,,unknown,unknown
9cf8nsscff3KPcUDwTMbqJiPB74ECnSQh2ebiuxaJEni::unknown:normal,9cf8nsscff3KPcUDwTMbqJiPB74ECnSQh2ebiuxaJEni,2,1781396961,1781397336,needs_manual_check,normal,none,,unknown,unknown
9ePeVTQEjXxYJ3CpSBQnW4QPixP1q4nP44qAEbeJmnyc::unknown:live_state_stale,9ePeVTQEjXxYJ3CpSBQnW4QPixP1q4nP44qAEbeJmnyc,1,1781397061,1781397061,needs_grpc_live_state,live_state_stale,refresh_from_grpc_or_rpc_snapshot,,unknown,unknown
9rrh2c8w15HExZnLFzcEgkvHg846TBBFEPUuFG7RMGmm::unknown:normal,9rrh2c8w15HExZnLFzcEgkvHg846TBBFEPUuFG7RMGmm,1,1781396694,1781396694,needs_manual_check,normal,none,,unknown,unknown
9t4P5wMwfFkyn92Z7hf463qYKEZf8ERVZsGBEPNp8uJx::unknown:live_state_stale,9t4P5wMwfFkyn92Z7hf463qYKEZf8ERVZsGBEPNp8uJx,60,1781396200,1781397342,needs_grpc_live_state,live_state_stale,refresh_from_grpc_or_rpc_snapshot,,unknown,unknown
AHFAv95Z67xnPYuHTf5a9uMEHdXFvbQvwc4EazY3tpt7::unknown:live_state_stale,AHFAv95Z67xnPYuHTf5a9uMEHdXFvbQvwc4EazY3tpt7,12,1781396202,1781436214,needs_grpc_live_state,live_state_stale,refresh_from_grpc_or_rpc_snapshot,,unknown,unknown
AHTTzwf3GmVMJdxWM8v2MSxyjZj8rQR6hyAC3g9477Yj::unknown:live_state_stale,AHTTzwf3GmVMJdxWM8v2MSxyjZj8rQR6hyAC3g9477Yj,2,1781397329,1781397329,needs_grpc_live_state,live_state_stale,refresh_from_grpc_or_rpc_snapshot,,unknown,unknown
ARWaajRJyF6PKQryJ4HLzLBfTWM2qmVQUQVtBjk6PgPc::unknown:live_state_stale,ARWaajRJyF6PKQryJ4HLzLBfTWM2qmVQUQVtBjk6PgPc,1,1781397008,1781397008,needs_grpc_live_state,live_state_stale,refresh_from_grpc_or_rpc_snapshot,,unknown,unknown
ATUMydDvNcELzNk9GP1Ky7i2Mgx2t2ej5aNPMhA6F2VH::unknown:normal,ATUMydDvNcELzNk9GP1Ky7i2Mgx2t2ej5aNPMhA6F2VH,2,1781397329,1781397329,needs_manual_check,normal,none,,unknown,unknown
AbcuyoPeYnddzFoFQudsiFka8qd6tTwvLgxwtpTKTpKC::unknown:normal,AbcuyoPeYnddzFoFQudsiFka8qd6tTwvLgxwtpTKTpKC,8,1781396622,1781436604,needs_manual_check,normal,none,,unknown,unknown
AqJ5JYNb7ApkJwvbuXxPnTtKeuizjvC1s2fkp382y9LC::unknown:live_state_stale,AqJ5JYNb7ApkJwvbuXxPnTtKeuizjvC1s2fkp382y9LC,1,1781397141,1781397141,needs_grpc_live_state,live_state_stale,refresh_from_grpc_or_rpc_snapshot,,unknown,unknown
B6PMKaJeEATv7hMXg2oGFDD8iMv79JaQoadNpa8mFaLk::unknown:live_state_stale,B6PMKaJeEATv7hMXg2oGFDD8iMv79JaQoadNpa8mFaLk,1,1781436480,1781436480,needs_grpc_live_state,live_state_stale,refresh_from_grpc_or_rpc_snapshot,,unknown,unknown
BF83iQ3svtuFaM7Eb5kFBGrsqTuHeZPnFCKBmzC1PTDQ::unknown:normal,BF83iQ3svtuFaM7Eb5kFBGrsqTuHeZPnFCKBmzC1PTDQ,18,1781396202,1781436733,needs_manual_check,normal,none,,unknown,unknown
BGAWADZTBdKXNoFeWuzTZkDABHzHe4SBXYnDwvZ555mB::unknown:live_state_stale,BGAWADZTBdKXNoFeWuzTZkDABHzHe4SBXYnDwvZ555mB,1,1781397236,1781397236,needs_grpc_live_state,live_state_stale,refresh_from_grpc_or_rpc_snapshot,,unknown,unknown
BVNo8ftg2LkkssnWT4ZWdtoFaevnfD6ExYeramwM27pe::unknown:live_state_stale,BVNo8ftg2LkkssnWT4ZWdtoFaevnfD6ExYeramwM27pe,1,1781397286,1781397286,needs_grpc_live_state,live_state_stale,refresh_from_grpc_or_rpc_snapshot,,unknown,unknown
BW6oeFZogVBeZq4cej73nU36qGSXdFN7hWQdNVgjUDNU::unknown:live_state_stale,BW6oeFZogVBeZq4cej73nU36qGSXdFN7hWQdNVgjUDNU,2,1781397318,1781397319,needs_grpc_live_state,live_state_stale,refresh_from_grpc_or_rpc_snapshot,,unknown,unknown
Be1CFyoPAr8aBGxpvCPD2LD21hdz2vjYNq8EcypnmgGD::unknown:live_state_stale,Be1CFyoPAr8aBGxpvCPD2LD21hdz2vjYNq8EcypnmgGD,1,1781397339,1781397339,needs_grpc_live_state,live_state_stale,refresh_from_grpc_or_rpc_snapshot,,unknown,unknown
BkJPQJaX1XxtYGeM8eNstFMy2UM1reQpPuw5NUY3z3rw::unknown:expected_readonly_pda_authority,BkJPQJaX1XxtYGeM8eNstFMy2UM1reQpPuw5NUY3z3rw,1,1781396972,1781396972,info,expected_readonly_pda_authority,ignore_not_found_do_not_fetch,,unknown,unknown
Bms2Rwp2dSsyfYY87neddNT3754BzPNYdEMkcx4qo99X::unknown:live_state_stale,Bms2Rwp2dSsyfYY87neddNT3754BzPNYdEMkcx4qo99X,2,1781396957,1781396957,needs_grpc_live_state,live_state_stale,refresh_from_grpc_or_rpc_snapshot,,unknown,unknown
C9fdYbm6pohfBWHh9bfkdyum3PCPgNmpUpyMrxXpVN6m::unknown:normal,C9fdYbm6pohfBWHh9bfkdyum3PCPgNmpUpyMrxXpVN6m,7,1781396624,1781397342,needs_manual_check,normal,none,,unknown,unknown
CB41fo8dAAQf4QpX3rzbADdcpUX4Th4Q9KTGf6Yo5xBp::unknown:live_state_stale,CB41fo8dAAQf4QpX3rzbADdcpUX4Th4Q9KTGf6Yo5xBp,1,1781396673,1781396673,needs_grpc_live_state,live_state_stale,refresh_from_grpc_or_rpc_snapshot,,unknown,unknown
CMghWj6TEDfGTN5CSzo9p27kPMb73fsDPM22LqTe2C9y::unknown:live_state_stale,CMghWj6TEDfGTN5CSzo9p27kPMb73fsDPM22LqTe2C9y,7,1781396704,1781436480,needs_grpc_live_state,live_state_stale,refresh_from_grpc_or_rpc_snapshot,,unknown,unknown
CN8k1PtzJz2mGGdf5puwV14Dh1skMRkT42sSvhesf3nT::unknown:normal,CN8k1PtzJz2mGGdf5puwV14Dh1skMRkT42sSvhesf3nT,5,1781396754,1781397010,needs_manual_check,normal,none,,unknown,unknown
CNRQ2Q5YURFcQrATzYeKUWgKUoBDfqzkDrRWf21UXCVo::unknown:live_state_stale,CNRQ2Q5YURFcQrATzYeKUWgKUoBDfqzkDrRWf21UXCVo,11,1781396618,1781436382,needs_grpc_live_state,live_state_stale,refresh_from_grpc_or_rpc_snapshot,,unknown,unknown
CQUfYBxF2KFVjYyCPyGa7JCFX9zw2PwmNnECzY3merGA::unknown:live_state_stale,CQUfYBxF2KFVjYyCPyGa7JCFX9zw2PwmNnECzY3merGA,5,1781397243,1781436730,needs_grpc_live_state,live_state_stale,refresh_from_grpc_or_rpc_snapshot,,unknown,unknown
CRKZr6Y9t2hzVNWY4gJk5eig8uznyykB4RTuGSqJDw7n::unknown:live_state_stale,CRKZr6Y9t2hzVNWY4gJk5eig8uznyykB4RTuGSqJDw7n,3,1781396652,1781397143,needs_grpc_live_state,live_state_stale,refresh_from_grpc_or_rpc_snapshot,,unknown,unknown
CRo8DBwrmd97DJfAnvCv96tZPL5Mktf2NZy2ZnhDer1A::unknown:normal,CRo8DBwrmd97DJfAnvCv96tZPL5Mktf2NZy2ZnhDer1A,14,1781396222,1781436245,needs_manual_check,normal,none,,unknown,unknown
CVzcS1wwirHRqtcj1QF51GFag8Y886N4PWGMzHnbqkkf::unknown:normal,CVzcS1wwirHRqtcj1QF51GFag8Y886N4PWGMzHnbqkkf,8,1781396770,1781396778,needs_manual_check,normal,none,,unknown,unknown
CYwKjPiuzG4NgWBy8JDjcmoUMmVExDtVjxS4X1nGYT5a::unknown:live_state_stale,CYwKjPiuzG4NgWBy8JDjcmoUMmVExDtVjxS4X1nGYT5a,2,1781397318,1781397319,needs_grpc_live_state,live_state_stale,refresh_from_grpc_or_rpc_snapshot,,unknown,unknown
CZfrCHhBb9zzhFyM5Weqg53oCBdxkYBPSU5k1wTR9hdu::unknown:live_state_stale,CZfrCHhBb9zzhFyM5Weqg53oCBdxkYBPSU5k1wTR9hdu,1,1781397141,1781397141,needs_grpc_live_state,live_state_stale,refresh_from_grpc_or_rpc_snapshot,,unknown,unknown
Ce8WKGKeNPrtk85inFtkpskekaNibZiogSZBrcP7yhTN::unknown:live_state_stale,Ce8WKGKeNPrtk85inFtkpskekaNibZiogSZBrcP7yhTN,3,1781396622,1781397342,needs_grpc_live_state,live_state_stale,refresh_from_grpc_or_rpc_snapshot,,unknown,unknown
CfZTL86UvfmT3biprZFQhQk8JhiWDn3YaqmXTFmTXBig::unknown:live_state_stale,CfZTL86UvfmT3biprZFQhQk8JhiWDn3YaqmXTFmTXBig,17,1781396202,1781436733,needs_grpc_live_state,live_state_stale,refresh_from_grpc_or_rpc_snapshot,,unknown,unknown
Cgnuirsk5dQ9Ka1Grnru7J8YW1sYncYUjiXvYxT7G4iZ::unknown:live_state_stale,Cgnuirsk5dQ9Ka1Grnru7J8YW1sYncYUjiXvYxT7G4iZ,3,1781397061,1781436174,needs_grpc_live_state,live_state_stale,refresh_from_grpc_or_rpc_snapshot,,unknown,unknown
ChcWkmUbWDbBspDjPX6ZXi7Hb9kZ7VTbNUf6nMtWF1YH::unknown:live_state_stale,ChcWkmUbWDbBspDjPX6ZXi7Hb9kZ7VTbNUf6nMtWF1YH,2,1781397329,1781397329,needs_grpc_live_state,live_state_stale,refresh_from_grpc_or_rpc_snapshot,,unknown,unknown
CnGXCHU54FoVwLVUqtN52F6DM1TvYTRSS1cLgmdSCxaK::unknown:expected_readonly_pda_authority,CnGXCHU54FoVwLVUqtN52F6DM1TvYTRSS1cLgmdSCxaK,4,1781396659,1781396664,info,expected_readonly_pda_authority,ignore_not_found_do_not_fetch,,unknown,unknown
CnGXCHU54FoVwLVUqtN52F6DM1TvYTRSS1cLgmdSCxaK::unknown:normal,CnGXCHU54FoVwLVUqtN52F6DM1TvYTRSS1cLgmdSCxaK,2,1781396946,1781396949,needs_manual_check,normal,none,,unknown,unknown
CrkkeqLUo7n6gvzoYMPZ7CHjie1Zua2CHUPe2DFh8mmR::unknown:normal,CrkkeqLUo7n6gvzoYMPZ7CHjie1Zua2CHUPe2DFh8mmR,7,1781396948,1781397334,needs_manual_check,normal,none,,unknown,unknown
CyCUgmaCYUZxbux3J2svDzxSryVFMtZNPrnMKS41nc4G::unknown:normal,CyCUgmaCYUZxbux3J2svDzxSryVFMtZNPrnMKS41nc4G,4,1781396659,1781397244,needs_manual_check,normal,none,,unknown,unknown
DBxLBME3MbN1oEQhah8adNxYFwuLwhkr7BM3SEJ4uoTC::unknown:live_state_stale,DBxLBME3MbN1oEQhah8adNxYFwuLwhkr7BM3SEJ4uoTC,6,1781396222,1781397331,needs_grpc_live_state,live_state_stale,refresh_from_grpc_or_rpc_snapshot,,unknown,unknown
DFKnWLzXYmTrxnmSB27yQhQ9geDLgviCUixn3fDBLFNm::unknown:live_state_stale,DFKnWLzXYmTrxnmSB27yQhQ9geDLgviCUixn3fDBLFNm,3,1781397061,1781436174,needs_grpc_live_state,live_state_stale,refresh_from_grpc_or_rpc_snapshot,,unknown,unknown
DGgbAS3oHCWNGxhyUv2uMRc1ZXDbkDFsNfD9HyTJdHyd::unknown:live_state_stale,DGgbAS3oHCWNGxhyUv2uMRc1ZXDbkDFsNfD9HyTJdHyd,17,1781396202,1781436733,needs_grpc_live_state,live_state_stale,refresh_from_grpc_or_rpc_snapshot,,unknown,unknown
DJNtGuBGEQiUCWE8F981M2C3ZghZt2XLD8f2sQdZ6rsZ::unknown:live_state_stale,DJNtGuBGEQiUCWE8F981M2C3ZghZt2XLD8f2sQdZ6rsZ,3,1781396652,1781397143,needs_grpc_live_state,live_state_stale,refresh_from_grpc_or_rpc_snapshot,,unknown,unknown
DP74UAcVaMuYaAf4PTKobTyzERoMsFCUE3UFnsqnKcwh::unknown:normal,DP74UAcVaMuYaAf4PTKobTyzERoMsFCUE3UFnsqnKcwh,2,1781397239,1781436339,needs_manual_check,normal,none,,unknown,unknown
DYFQehJvGeswpHgHaBt1onreDCRWY6V73gNojHmYvExz::unknown:live_state_stale,DYFQehJvGeswpHgHaBt1onreDCRWY6V73gNojHmYvExz,2,1781396663,1781396664,needs_grpc_live_state,live_state_stale,refresh_from_grpc_or_rpc_snapshot,,unknown,unknown
DZh162iMrPgBTp2y3XfxvAVwhgCibwEYpcTHfVCLRDNx::unknown:live_state_stale,DZh162iMrPgBTp2y3XfxvAVwhgCibwEYpcTHfVCLRDNx,2,1781397239,1781436339,needs_grpc_live_state,live_state_stale,refresh_from_grpc_or_rpc_snapshot,,unknown,unknown
DbTYuFpdELAgyZBhX7TaTVDGYq1dJSQqdnAhtWHjxPjP::unknown:normal,DbTYuFpdELAgyZBhX7TaTVDGYq1dJSQqdnAhtWHjxPjP,1,1781397118,1781397118,needs_manual_check,normal,none,,unknown,unknown
DbuvwPuLvH8uy2B1sKuu18aCd2QpCvfZdfDtdRZztBd2::unknown:live_state_stale,DbuvwPuLvH8uy2B1sKuu18aCd2QpCvfZdfDtdRZztBd2,12,1781396202,1781436214,needs_grpc_live_state,live_state_stale,refresh_from_grpc_or_rpc_snapshot,,unknown,unknown
DgXDDXvS6xowgKY42WoFAqSJRZCww1rzpsauEq5hcPxF::unknown:live_state_stale,DgXDDXvS6xowgKY42WoFAqSJRZCww1rzpsauEq5hcPxF,2,1781397061,1781436174,needs_grpc_live_state,live_state_stale,refresh_from_grpc_or_rpc_snapshot,,unknown,unknown
DhqdGGgkAnj8AYqh2zbb8JRS3bfZZ8j2JQTQZ739moCk::unknown:live_state_stale,DhqdGGgkAnj8AYqh2zbb8JRS3bfZZ8j2JQTQZ739moCk,11,1781397243,1781436214,needs_grpc_live_state,live_state_stale,refresh_from_grpc_or_rpc_snapshot,,unknown,unknown
DiXPp92h66c1aovr5cSsEAp5mcbUJfGufwA3SQPMZkFn::unknown:normal,DiXPp92h66c1aovr5cSsEAp5mcbUJfGufwA3SQPMZkFn,3,1781396939,1781436340,needs_manual_check,normal,none,,unknown,unknown
DnjwFMvwiLBABws6JpVpAUTyBV9wmucjAMxdnxAVFH92::unknown:live_state_stale,DnjwFMvwiLBABws6JpVpAUTyBV9wmucjAMxdnxAVFH92,2,1781397273,1781397273,needs_grpc_live_state,live_state_stale,refresh_from_grpc_or_rpc_snapshot,,unknown,unknown
Drx7X5bUajSPY6m5f2QhD2CK8c3RBMKgueSpZgCgUzkP::unknown:live_state_stale,Drx7X5bUajSPY6m5f2QhD2CK8c3RBMKgueSpZgCgUzkP,6,1781396942,1781397334,needs_grpc_live_state,live_state_stale,refresh_from_grpc_or_rpc_snapshot,,unknown,unknown
DuFXxPxAyJhHj4gMpE8As1Ta4nSSVXv8xfEDRrWQmJ9G::unknown:normal,DuFXxPxAyJhHj4gMpE8As1Ta4nSSVXv8xfEDRrWQmJ9G,1,1781396652,1781396652,needs_manual_check,normal,none,,unknown,unknown
E9Yi56MiTCwRdRXvjNcmq4Ba33p83vv6HvfirnbVcdq5::unknown:live_state_stale,E9Yi56MiTCwRdRXvjNcmq4Ba33p83vv6HvfirnbVcdq5,1,1781397236,1781397236,needs_grpc_live_state,live_state_stale,refresh_from_grpc_or_rpc_snapshot,,unknown,unknown
ELzuRVw3eKw3jCe3p6Qd3BWM2P9qrQUkyJbgTLSCNAx2::unknown:live_state_stale,ELzuRVw3eKw3jCe3p6Qd3BWM2P9qrQUkyJbgTLSCNAx2,1,1781397236,1781397236,needs_grpc_live_state,live_state_stale,refresh_from_grpc_or_rpc_snapshot,,unknown,unknown
EPjFWdd5AufqSSqeM2qN1xzybapC8G4wEGGkZwyTDt1v::unknown:normal,EPjFWdd5AufqSSqeM2qN1xzybapC8G4wEGGkZwyTDt1v,48,1781396165,1781436730,needs_manual_check,normal,none,,unknown,unknown
EXpqcVuTTPEmyeVu2LHM75ha7FwmjJ88MnhSMRRdy5Sh::unknown:normal,EXpqcVuTTPEmyeVu2LHM75ha7FwmjJ88MnhSMRRdy5Sh,1,1781396200,1781396200,needs_manual_check,normal,none,,unknown,unknown
EaEKZFeuKvws16cfgkaCqZBwpvEdCC6Gsw6282A9WsCD::unknown:live_state_stale,EaEKZFeuKvws16cfgkaCqZBwpvEdCC6Gsw6282A9WsCD,1,1781396909,1781396909,needs_grpc_live_state,live_state_stale,refresh_from_grpc_or_rpc_snapshot,,unknown,unknown
EgEYXef2FCoEYLHJJW74dMbom1atLXo6KwPuA6mSATYA::unknown:live_state_stale,EgEYXef2FCoEYLHJJW74dMbom1atLXo6KwPuA6mSATYA,1,1781396938,1781396938,needs_grpc_live_state,live_state_stale,refresh_from_grpc_or_rpc_snapshot,,unknown,unknown
Enc6rB84ZwGxZU8aqAF41dRJxg3yesiJgD7uJFVhMraM::unknown:expected_readonly_pda_authority,Enc6rB84ZwGxZU8aqAF41dRJxg3yesiJgD7uJFVhMraM,117,1781396200,1781436739,info,expected_readonly_pda_authority,ignore_not_found_do_not_fetch,,unknown,unknown
Es9vMFrzaCERmJfrF4H2FYD4KCoNkY11McCe8BenwNYB::unknown:normal,Es9vMFrzaCERmJfrF4H2FYD4KCoNkY11McCe8BenwNYB,7,1781397265,1781436604,needs_manual_check,normal,none,,unknown,unknown
ExcBWu8fGPdJiaF1b1z3iEef38sjQJks8xvj6M85pPY6::unknown:live_state_stale,ExcBWu8fGPdJiaF1b1z3iEef38sjQJks8xvj6M85pPY6,1,1781436480,1781436480,needs_grpc_live_state,live_state_stale,refresh_from_grpc_or_rpc_snapshot,,unknown,unknown
F2KCaXcp7AoQtxTDvNEDCyMyWjSCAMWNzcyN9dsPfPs5::unknown:live_state_stale,F2KCaXcp7AoQtxTDvNEDCyMyWjSCAMWNzcyN9dsPfPs5,48,1781396166,1781436774,needs_grpc_live_state,live_state_stale,refresh_from_grpc_or_rpc_snapshot,,unknown,unknown
F865raa7Tx5dkbBiPUXv4VC5iTYrbVm9F1bzxhSwdHAG::unknown:normal,F865raa7Tx5dkbBiPUXv4VC5iTYrbVm9F1bzxhSwdHAG,4,1781397118,1781397339,needs_manual_check,normal,none,,unknown,unknown
FERjPVNEa7Udq8CEv68h6tPL46Tq7ieE49HrE2wea3XT::unknown:live_state_stale,FERjPVNEa7Udq8CEv68h6tPL46Tq7ieE49HrE2wea3XT,1,1781436536,1781436536,needs_grpc_live_state,live_state_stale,refresh_from_grpc_or_rpc_snapshot,,unknown,unknown
FGQoLafigpyVb7mLa6pvsDDpDaEE3JetrzQoAggTo3n7::unknown:live_state_stale,FGQoLafigpyVb7mLa6pvsDDpDaEE3JetrzQoAggTo3n7,11,1781396618,1781436382,needs_grpc_live_state,live_state_stale,refresh_from_grpc_or_rpc_snapshot,,unknown,unknown
FJfk4e2coAUaZLyHs59aMZK8SLfTMoTyxLqbfQUfYff5::unknown:live_state_stale,FJfk4e2coAUaZLyHs59aMZK8SLfTMoTyxLqbfQUfYff5,1,1781396774,1781396774,needs_grpc_live_state,live_state_stale,refresh_from_grpc_or_rpc_snapshot,,unknown,unknown
FLckHLGMJy5gEoXWwcE68Nprde1D4araK4TGLw4pQq2n::unknown:live_state_stale,FLckHLGMJy5gEoXWwcE68Nprde1D4araK4TGLw4pQq2n,27,1781396703,1781397288,needs_grpc_live_state,live_state_stale,refresh_from_grpc_or_rpc_snapshot,,unknown,unknown
FRhB8L7Y9Qq41qZXYLtC2nw8An1RJfLLxRF2x9RwLLMo::unknown:live_state_stale,FRhB8L7Y9Qq41qZXYLtC2nw8An1RJfLLxRF2x9RwLLMo,2,1781397329,1781397329,needs_grpc_live_state,live_state_stale,refresh_from_grpc_or_rpc_snapshot,,unknown,unknown
FSSCaNL5eVNUozDftnMwKiFhq6NFSockBk42t4oBzjgx::unknown:live_state_stale,FSSCaNL5eVNUozDftnMwKiFhq6NFSockBk42t4oBzjgx,1,1781396870,1781396870,needs_grpc_live_state,live_state_stale,refresh_from_grpc_or_rpc_snapshot,,unknown,unknown
FU4BG5pwU77dFecQ5t7sd3jsdEgwiWEyxqCfufJK4HVa::unknown:live_state_stale,FU4BG5pwU77dFecQ5t7sd3jsdEgwiWEyxqCfufJK4HVa,5,1781396754,1781397010,needs_grpc_live_state,live_state_stale,refresh_from_grpc_or_rpc_snapshot,,unknown,unknown
FZN7QZ8ZUUAxMPfxYEYkH3cXUASzH8EqA6B4tyCL8f1j::unknown:live_state_stale,FZN7QZ8ZUUAxMPfxYEYkH3cXUASzH8EqA6B4tyCL8f1j,2,1781436534,1781436536,needs_grpc_live_state,live_state_stale,refresh_from_grpc_or_rpc_snapshot,,unknown,unknown
FeFgcWCxBx15ESeh5ahaXi4jujxk2HrQD1RqaRqYxgpf::unknown:normal,FeFgcWCxBx15ESeh5ahaXi4jujxk2HrQD1RqaRqYxgpf,2,1781396200,1781396748,needs_manual_check,normal,none,,unknown,unknown
FehHmGQB2Pv3g5FrKKzCu328HadLtdK3wdKLCWWBWSRS::unknown:live_state_stale,FehHmGQB2Pv3g5FrKKzCu328HadLtdK3wdKLCWWBWSRS,1,1781397061,1781397061,needs_grpc_live_state,live_state_stale,refresh_from_grpc_or_rpc_snapshot,,unknown,unknown
FkEB6uvyzuoaGpgs4yRtFtxC4WJxhejNFbUkj5R6wR32::unknown:live_state_stale,FkEB6uvyzuoaGpgs4yRtFtxC4WJxhejNFbUkj5R6wR32,1,1781397008,1781397008,needs_grpc_live_state,live_state_stale,refresh_from_grpc_or_rpc_snapshot,,unknown,unknown
FmxXDSR9WvpJTCh738D1LEDuhMoA8geCtZgHb3isy7Dp::unknown:normal,FmxXDSR9WvpJTCh738D1LEDuhMoA8geCtZgHb3isy7Dp,28,1781396618,1781436778,needs_manual_check,normal,none,,unknown,unknown
FwxwM23qYD8qNR6LRVFSUX7eDfeFF3xK9NbpSmRCQy8f::unknown:live_state_stale,FwxwM23qYD8qNR6LRVFSUX7eDfeFF3xK9NbpSmRCQy8f,91,1781396166,1781397342,needs_grpc_live_state,live_state_stale,refresh_from_grpc_or_rpc_snapshot,,unknown,unknown
GF8SKKobum6UJnhX2mLHePU38htg5vdr9zcY4jH8Pqs2::unknown:live_state_stale,GF8SKKobum6UJnhX2mLHePU38htg5vdr9zcY4jH8Pqs2,16,1781396166,1781436774,needs_grpc_live_state,live_state_stale,refresh_from_grpc_or_rpc_snapshot,,unknown,unknown
GXXSAS4cX38ngduW3524NioWAmBNyM9oLyh5wi3TPzGo::unknown:live_state_stale,GXXSAS4cX38ngduW3524NioWAmBNyM9oLyh5wi3TPzGo,1,1781396938,1781396938,needs_grpc_live_state,live_state_stale,refresh_from_grpc_or_rpc_snapshot,,unknown,unknown
GhFfLFSprPpfoRaWakPMmJTMJBHuz6C694jYwxy2dAic::unknown:live_state_stale,GhFfLFSprPpfoRaWakPMmJTMJBHuz6C694jYwxy2dAic,15,1781396222,1781436245,needs_grpc_live_state,live_state_stale,refresh_from_grpc_or_rpc_snapshot,,unknown,unknown
GswwnegnBMWEuEsptDCBDmRB9YtG5zjetTSw7RunUQMY::unknown:normal,GswwnegnBMWEuEsptDCBDmRB9YtG5zjetTSw7RunUQMY,1,1781396652,1781396652,needs_manual_check,normal,none,,unknown,unknown
GyUVV1HmnHueUcu3eYq1ybnfq5t5P9VZ1qVt5K58sUkN::unknown:live_state_stale,GyUVV1HmnHueUcu3eYq1ybnfq5t5P9VZ1qVt5K58sUkN,1,1781397236,1781397236,needs_grpc_live_state,live_state_stale,refresh_from_grpc_or_rpc_snapshot,,unknown,unknown
H18xqLYd5uEenmiFKoXkgrTvyhnLgJMPT8sSvdZPpi3p::unknown:live_state_stale,H18xqLYd5uEenmiFKoXkgrTvyhnLgJMPT8sSvdZPpi3p,4,1781397243,1781436730,needs_grpc_live_state,live_state_stale,refresh_from_grpc_or_rpc_snapshot,,unknown,unknown
H3chk8rgniKXnToGTdPUFieuHGLQQfBMXVbGp6bR1uMD::unknown:live_state_stale,H3chk8rgniKXnToGTdPUFieuHGLQQfBMXVbGp6bR1uMD,1,1781396664,1781396664,needs_grpc_live_state,live_state_stale,refresh_from_grpc_or_rpc_snapshot,,unknown,unknown
H5aqpfPf2zKSCsrouTB8NBHEP9WArrh9AkcBncNb9azk::unknown:live_state_stale,H5aqpfPf2zKSCsrouTB8NBHEP9WArrh9AkcBncNb9azk,1,1781396673,1781396673,needs_grpc_live_state,live_state_stale,refresh_from_grpc_or_rpc_snapshot,,unknown,unknown
H6iHb3PKqeFeY8rDw6SXY97NsCKCzPGgYLMzTnGQ9e1::unknown:live_state_stale,H6iHb3PKqeFeY8rDw6SXY97NsCKCzPGgYLMzTnGQ9e1,2,1781396663,1781396664,needs_grpc_live_state,live_state_stale,refresh_from_grpc_or_rpc_snapshot,,unknown,unknown
H76K9PPnzqfA4o7eNR38gvScwFZTnkX3212pH1QzxGYu::unknown:normal,H76K9PPnzqfA4o7eNR38gvScwFZTnkX3212pH1QzxGYu,1,1781436340,1781436340,needs_manual_check,normal,none,,unknown,unknown
H7j5NPopj3tQvDg4N8CxwtYciTn3e8AEV6wSVrxpyDUc::unknown:normal,H7j5NPopj3tQvDg4N8CxwtYciTn3e8AEV6wSVrxpyDUc,1,1781396938,1781396938,needs_manual_check,normal,none,,unknown,unknown
HHSRKgSyAFVRsDdnV8k3LoxiLRZfSS7rgykfB3kvKpuq::unknown:live_state_stale,HHSRKgSyAFVRsDdnV8k3LoxiLRZfSS7rgykfB3kvKpuq,6,1781396222,1781397331,needs_grpc_live_state,live_state_stale,refresh_from_grpc_or_rpc_snapshot,,unknown,unknown
HTvjzsfX3yU6BUodCjZ5vZkUrAxMDTrBs3CJaq43ashR::unknown:live_state_stale,HTvjzsfX3yU6BUodCjZ5vZkUrAxMDTrBs3CJaq43ashR,1,1781396938,1781396938,needs_grpc_live_state,live_state_stale,refresh_from_grpc_or_rpc_snapshot,,unknown,unknown
HZ5JFB1ZoZs6NQLr7bb4MMEXDgty4Vs1ZghoyX35mNnV::unknown:normal,HZ5JFB1ZoZs6NQLr7bb4MMEXDgty4Vs1ZghoyX35mNnV,14,1781396202,1781436214,needs_manual_check,normal,none,,unknown,unknown
HZeLxbZ9uHtSpwZC3LBr4Nubd14iHwz7bRSghRZf5VCG::unknown:normal,HZeLxbZ9uHtSpwZC3LBr4Nubd14iHwz7bRSghRZf5VCG,1,1781436536,1781436536,needs_manual_check,normal,none,,unknown,unknown
Has2dQDkTXyzEm5HKCDyxHuCwPcPwf1PN6zQg7JKt9Xn::unknown:normal,Has2dQDkTXyzEm5HKCDyxHuCwPcPwf1PN6zQg7JKt9Xn,67,1781396201,1781436733,needs_manual_check,normal,none,,unknown,unknown
HbFACE7GxA7XP9PrwYBiR7ZvBbQh7fmUFcRJWrPDt51M::unknown:live_state_stale,HbFACE7GxA7XP9PrwYBiR7ZvBbQh7fmUFcRJWrPDt51M,6,1781396222,1781397331,needs_grpc_live_state,live_state_stale,refresh_from_grpc_or_rpc_snapshot,,unknown,unknown
HbYjRzx7teCxqW3unpXBEcNHhfVZvW2vW9MQ99TkizWt::unknown:live_state_stale,HbYjRzx7teCxqW3unpXBEcNHhfVZvW2vW9MQ99TkizWt,1,1781396938,1781396938,needs_grpc_live_state,live_state_stale,refresh_from_grpc_or_rpc_snapshot,,unknown,unknown
He4brjK7TRKiqJ8szpRmhuueDwC4837BFRRBmWfmjo14::unknown:normal,He4brjK7TRKiqJ8szpRmhuueDwC4837BFRRBmWfmjo14,1,1781397342,1781397342,needs_manual_check,normal,none,,unknown,unknown
Hhb4k1k8qr74nD1n5nmfR6iVihHpACPp4hKm72YdWm2q::unknown:live_state_stale,Hhb4k1k8qr74nD1n5nmfR6iVihHpACPp4hKm72YdWm2q,2,1781436173,1781436174,needs_grpc_live_state,live_state_stale,refresh_from_grpc_or_rpc_snapshot,,unknown,unknown
HnSfHKPXC1nrtwgCBZtSzkzps9UMpARYGFEL2pHTAC62::unknown:normal,HnSfHKPXC1nrtwgCBZtSzkzps9UMpARYGFEL2pHTAC62,2,1781396659,1781396659,needs_manual_check,normal,none,,unknown,unknown
HoAiKLm63QuGqE6pXVFsuF2rKXTKPrcsSgX3HCpuKNQb::unknown:normal,HoAiKLm63QuGqE6pXVFsuF2rKXTKPrcsSgX3HCpuKNQb,2,1781396957,1781396957,needs_manual_check,normal,none,,unknown,unknown
HsXc1YBmzpoMA6JQnwVW4Cj7epFVY62KJYQ1MM6V4zFH::unknown:live_state_stale,HsXc1YBmzpoMA6JQnwVW4Cj7epFVY62KJYQ1MM6V4zFH,1,1781436713,1781436713,needs_grpc_live_state,live_state_stale,refresh_from_grpc_or_rpc_snapshot,,unknown,unknown
HxqzKqmuSgtK8nqaPgVLiVkWMSk51MTjxUfvEdpvYkzz::unknown:live_state_stale,HxqzKqmuSgtK8nqaPgVLiVkWMSk51MTjxUfvEdpvYkzz,1,1781397061,1781397061,needs_grpc_live_state,live_state_stale,refresh_from_grpc_or_rpc_snapshot,,unknown,unknown
Hz1EtXTGaFEtAWRgRNpDMFV6vnSZtQUY9UqmdM6vfKSS::unknown:live_state_stale,Hz1EtXTGaFEtAWRgRNpDMFV6vnSZtQUY9UqmdM6vfKSS,2,1781397318,1781397319,needs_grpc_live_state,live_state_stale,refresh_from_grpc_or_rpc_snapshot,,unknown,unknown
J1toso1uCk3RLmjorhTtrVwY9HJ7X8V9yYac6Y7kGCPn::unknown:normal,J1toso1uCk3RLmjorhTtrVwY9HJ7X8V9yYac6Y7kGCPn,4,1781396742,1781436340,needs_manual_check,normal,none,,unknown,unknown
J8u7HvA1g1p2CdhBFdsnTxDzGkekRpdw4GrL9MKU2D3U::unknown:normal,J8u7HvA1g1p2CdhBFdsnTxDzGkekRpdw4GrL9MKU2D3U,1,1781396200,1781396200,needs_manual_check,normal,none,,unknown,unknown
JfxLQasRhePQSP1gLt67xYFXdZCXH4vg1yXA3RxuoBU::unknown:normal,JfxLQasRhePQSP1gLt67xYFXdZCXH4vg1yXA3RxuoBU,2,1781396964,1781396969,needs_manual_check,normal,none,,unknown,unknown
Pi9nzTjPxD8DsRfRBGfKYzmefJoJM8TcXu2jyaQjSHm::unknown:normal,Pi9nzTjPxD8DsRfRBGfKYzmefJoJM8TcXu2jyaQjSHm,21,1781396658,1781436778,needs_manual_check,normal,none,,unknown,unknown
Psui6AUiwCfoydurtqTBJ9ps3djQmSLZyuuGPQ3a8Zj::unknown:normal,Psui6AUiwCfoydurtqTBJ9ps3djQmSLZyuuGPQ3a8Zj,3,1781397061,1781436174,needs_manual_check,normal,none,,unknown,unknown
TACz1NnifoPsuZndfAiYxzfffcXCZSsJG7mKzdacTZi::unknown:live_state_stale,TACz1NnifoPsuZndfAiYxzfffcXCZSsJG7mKzdacTZi,2,1781436173,1781436174,needs_grpc_live_state,live_state_stale,refresh_from_grpc_or_rpc_snapshot,,unknown,unknown
UnaHXXCKqhMmhDa6DJVwDqfcAW4YN4MquAf368Sydch::unknown:live_state_stale,UnaHXXCKqhMmhDa6DJVwDqfcAW4YN4MquAf368Sydch,2,1781436173,1781436174,needs_grpc_live_state,live_state_stale,refresh_from_grpc_or_rpc_snapshot,,unknown,unknown
bHHnvxhkzBebvqxpnzVaXSdQ1GdFeZFg8yi9YKgL7zE::unknown:normal,bHHnvxhkzBebvqxpnzVaXSdQ1GdFeZFg8yi9YKgL7zE,3,1781396652,1781397143,needs_manual_check,normal,none,,unknown,unknown
n6CwMY77wdEftf2VF6uPvbusYoraYUci3nYBPqH1DJ5::unknown:normal,n6CwMY77wdEftf2VF6uPvbusYoraYUci3nYBPqH1DJ5,2,1781397329,1781397329,needs_manual_check,normal,none,,unknown,unknown
n8Mpu28RjeYD7oUX3LG1tPxzhRZh3YYLRSHcHRdS3Zx::unknown:live_state_stale,n8Mpu28RjeYD7oUX3LG1tPxzhRZh3YYLRSHcHRdS3Zx,1,1781396964,1781396964,needs_grpc_live_state,live_state_stale,refresh_from_grpc_or_rpc_snapshot,,unknown,unknown
pumpCmXqMfrsAkQ5r49WcJnRayYRqmXz6ae8H7H9Dfn::unknown:normal,pumpCmXqMfrsAkQ5r49WcJnRayYRqmXz6ae8H7H9Dfn,20,1781396694,1781436770,needs_manual_check,normal,none,,unknown,unknown
qN8eqTR152tRtvu2zVQNkqDKR18mgVmYiDrv8RVU9ht::unknown:live_state_stale,qN8eqTR152tRtvu2zVQNkqDKR18mgVmYiDrv8RVU9ht,8,1781396704,1781436480,needs_grpc_live_state,live_state_stale,refresh_from_grpc_or_rpc_snapshot,,unknown,unknown
rndrizKT3MK1iimdxRdWabcF7Zg7AR5T4nud4EkHBof::unknown:normal,rndrizKT3MK1iimdxRdWabcF7Zg7AR5T4nud4EkHBof,1,1781397341,1781397341,needs_manual_check,normal,none,,unknown,unknown
sZxb9vrxJBpFiJBogovhfkYqfapVzveLEU4TmzWv4GN::unknown:live_state_stale,sZxb9vrxJBpFiJBogovhfkYqfapVzveLEU4TmzWv4GN,4,1781396754,1781397010,needs_grpc_live_state,live_state_stale,refresh_from_grpc_or_rpc_snapshot,,unknown,unknown
